customer_id,customer_first_name,customer_last_name,customer_email_address
1,Bruce,Jones,BruceJones@yahoo.com
2,Wendy,Smith,WendySmith@gmail.com
3,William,Penn,WilliamPenn@fairpoint.com
4,Joan,Arc,JoanArc@comcast.com
5,Albert,Einstein,AlbertEinstein@yahoo.com
6,Marie,Currie,MarieCurrie@gmail.com
7,Margaret,Thatcher,MargaretThatcher@fairpoint.com
8,John D.,Manchester,John D.Manchester@comcast.com
9,John,Doe,JohnDoe@yahoo.com
10,Jane,Same,JaneSame@gmail.com
11,Tom,Smythe,TomSmythe@fairpoint.com
12,Kate,Abbott,KateAbbott@comcast.com
13,Bethune,Emily,BethuneEmily@yahoo.com
14,Ovitt,Joanne,OvittJoanne@gmail.com
15,Flower,Daisy,FlowerDaisy@fairpoint.com
16,Dumber,Dumb,DumberDumb@comcast.com
17,Ovitt,Samantha,OvittSamantha@yahoo.com
18,Taylor C.,Bigam,Taylor C.Bigam@gmail.com
19,Dudlee,Dudders,DudleeDudders@fairpoint.com
20,Foster,Dood,FosterDood@comcast.com
21,Lily,Snyder,LilySnyder@yahoo.com
22,Kat,Killinger,KatKillinger@gmail.com
23,Luke,Skywalker,LukeSkywalker@fairpoint.com
24,Road,Kill,RoadKill@comcast.com
25,Derek,Jeter,DerekJeter@yahoo.com
26,Pass,Go,PassGo@gmail.com
27,Steve,Scuba,SteveScuba@fairpoint.com
28,Mickey,Mouse,MickeyMouse@comcast.com
29,Chris,Jones,ChrisJones@yahoo.com
30,Mac,LeMore,MacLeMore@gmail.com
31,Dag,Nabbit,DagNabbit@fairpoint.com
32,William,Wonka,WilliamWonka@comcast.com
33,David,Jones,DavidJones@yahoo.com
34,Santa,Claws,SantaClaws@gmail.com
35,Johnny,Rocket,JohnnyRocket@fairpoint.com
36,Michael,Hunt,MichaelHunt@comcast.com
37,Easter,Bunny,EasterBunny@yahoo.com
38,Smith,Timothy,SmithTimothy@gmail.com
39,Arts,Franklin,ArtsFranklin@fairpoint.com
40,Caisse,Anna,CaisseAnna@comcast.com
41,Olivares,Eric,OlivaresEric@yahoo.com
42,Sampson,Thomas,SampsonThomas@gmail.com
43,James,Boiben,JamesBoiben@yahoo.com
44,Sally,Jane,SallyJane@gmail.com
45,Amanda,Fintz,AmandaFintz@yahoo.com
46,Marc,Bartalone,MarcBartalone@gmail.com
47,Brian,Parker,BrianParker@yahoo.com
48,Garth,Fitzgerald,GarthFitzgerald@gmail.com
49,Barbara,Martin,BarbaraMartin@yahoo.com
50,Homer,Reynolds,HomerReynolds@gmail.com
51,Nikola,Tesla,NikolaTesla@yahoo.com
52,Sebastian,Alias,SebastianAlias@gmail.com
53,Jake,Johnson,JakeJohnson@yahoo.com
54,Santa,Clause,SantaClause@gmail.com
55,Bruce,Jones,BruceJones@yahoo.com
56,Guy,Getdown,GuyGetdown@gmail.com
57,Sung,Fugong,SungFugong@yahoo.com
58,John,Brown,JohnBrown@gmail.com
59,Peter,White,PeterWhite@yahoo.com
60,Josh,Green,JoshGreen@gmail.com
61,Joan,Jacobs,JoanJacobs@yahoo.com
62,Jennifer,Atrast,JenniferAtrast@gmail.com
63,Taylor C.,Bigam,Taylor C.Bigam@yahoo.com
64,Dudlee,Dudders,DudleeDudders@gmail.com
65,Foster,Dood,FosterDood@yahoo.com
66,Lily,Snyder,LilySnyder@gmail.com
67,Kat,Killinger,KatKillinger@yahoo.com
68,Bruce.,Wayne,Bruce.Wayne@gmail.com
69,Peter,Parker,PeterParker@yahoo.com
70,Clark,Kent,ClarkKent@gmail.com
71,Tony,Stark,TonyStark@yahoo.com
72,Agent,Coulson,AgentCoulson@gmail.com
73,Oscar,Madison,OscarMadison@yahoo.com
74,Brianne,DeVincent,BrianneDeVincent@gmail.com
75,Richard,Teabeau,RichardTeabeau@yahoo.com
76,William,Reynolds,WilliamReynolds@gmail.com
77,Kennedy,Tran,KennedyTran@yahoo.com
78,Alma,Conway,AlmaConway@gmail.com
79,James,Hujjiba,JamesHujjiba@yahoo.com
80,Kile,Aggot,KileAggot@gmail.com
81,Heirich,Wanger,HeirichWanger@yahoo.com
82,Zen,Antonitii,ZenAntonitii@gmail.com
83,Tiala,Sumardar,TialaSumardar@yahoo.com
84,David,Jones,DavidJones@gmail.com
85,Santa,Claws,SantaClaws@yahoo.com
86,Johnny,Rocket,JohnnyRocket@gmail.com
87,Michael,Hunt,MichaelHunt@yahoo.com
88,Easter,Bunny,EasterBunny@gmail.com
89,Smith,Timothy,SmithTimothy@yahoo.com
90,Arts,Franklin,ArtsFranklin@gmail.com
91,Caisse,Anna,CaisseAnna@yahoo.com
92,Olivares,Eric,OlivaresEric@gmail.com
93,Sampson,Thomas,SampsonThomas@yahoo.com
94,Jason,John,JasonJohn@gmail.com
95,Tom,Jane,TomJane@yahoo.com
96,Billy,Vale,BillyVale@gmail.com
97,Joey,Laskowski,JoeyLaskowski@yahoo.com
98,Your,Name,YourName@gmail.com
99,Luke,Colletti,LukeColletti@fairpoint.com
100,Bethune,Emily,BethuneEmily@comcast.com
101,Ovitt,Joanne,OvittJoanne@yahoo.com
102,Flower,Daisy,FlowerDaisy@gmail.com
103,Dumber,Dumb,DumberDumb@fairpoint.com
104,Ovitt,Samantha,OvittSamantha@comcast.com
105,Fakey,McPhoney,FakeyMcPhoney@yahoo.com
106,John,Mongler,JohnMongler@gmail.com
107,Dude,McBro,DudeMcBro@fairpoint.com
108,Nully,Value,NullyValue@comcast.com
109,John,Smith,JohnSmith@yahoo.com
110,Frank,Tank,FrankTank@gmail.com
111,Rob,Bob,RobBob@fairpoint.com
112,Sponge,Robert,SpongeRobert@comcast.com
113,Tito,Summers,TitoSummers@yahoo.com
114,Bo,Messiersontonsingtonellio,BoMessiersontonsingtonellio@gmail.com
115,Bob,Cross,BobCross@fairpoint.com
116,Will,Samuel,WillSamuel@comcast.com
117,John,Evans,JohnEvans@yahoo.com
118,Michelle,Obama,MichelleObama@gmail.com
119,Juan,Sucro,JuanSucro@yahoo.com
120,Jonathan,Lobe,JonathanLobe@gmail.com
121,Jimmy,Jam,JimmyJam@yahoo.com
122,Onetwo,Twoone,OnetwoTwoone@gmail.com
123,Abe,Lincoln,AbeLincoln@yahoo.com
124,Mega,Man,MegaMan@gmail.com
125,Luke,Skywalker,LukeSkywalker@yahoo.com
126,Road,Kill,RoadKill@gmail.com
127,Derek,Jeter,DerekJeter@yahoo.com
128,Jesus,Christ,JesusChrist@gmail.com
129,Pass,Go,PassGo@yahoo.com
130,Peter,Peterson,PeterPeterson@gmail.com
131,Jamie,Jamieson,JamieJamieson@yahoo.com
132,Jordan,Berkowitz,JordanBerkowitz@gmail.com
133,John,Brown,JohnBrown@yahoo.com
134,Jessica,Jacket,JessicaJacket@gmail.com
135,Jake,Johnson,JakeJohnson@yahoo.com
136,Santa,Clause,SantaClause@gmail.com
137,Bruce,Jones,BruceJones@yahoo.com
138,Frank,Canovatchel,FrankCanovatchel@gmail.com
139,Guy,Getdown,GuyGetdown@yahoo.com
140,Sung,Fugong,SungFugong@gmail.com
141,Bruce,Wayne,BruceWayne@yahoo.com
142,Wonder,Woman,WonderWoman@gmail.com
143,Clark,Kent,ClarkKent@yahoo.com
144,Peter,Parker,PeterParker@gmail.com
145,Mister,Freeze,MisterFreeze@yahoo.com
146,Barry,White,BarryWhite@gmail.com
147,Jeff,Seid,JeffSeid@yahoo.com
148,Mark,Wahlberg,MarkWahlberg@gmail.com
149,James,Boiben,JamesBoiben@yahoo.com
150,Aziz,Shavershain,AzizShavershain@gmail.com
151,Henry,Quinn,HenryQuinn@yahoo.com
152,Rick,Grimes,RickGrimes@gmail.com
153,Big,Bird,BigBird@yahoo.com
154,Sally,Jane,SallyJane@gmail.com
155,Amanda,Fintz,AmandaFintz@yahoo.com
156,Marc,Bartalone,MarcBartalone@gmail.com
157,Brian,Parker,BrianParker@yahoo.com
158,Steve,Bates,SteveBates@gmail.com
159,Wallace,Penguinhopper,WallacePenguinhopper@yahoo.com
160,Jack,Daniels,JackDaniels@gmail.com
161,Anthony,Larosa,AnthonyLarosa@yahoo.com
162,Hubert,Bowtie,HubertBowtie@gmail.com